<?xml version = '1.0' encoding = 'UTF-8'?>
<Diagram class="oracle.dbtools.crest.swingui.logical.DPVLogical" name="Logical" id="45058E15-EE78-BA53-258F-12FCD20F2ECF">
<createdBy>Thiago Souza</createdBy>
<modifiedBy>Thiago Souza</modifiedBy>
<createdTime>2018-05-29 00:37:21 UTC</createdTime>
<autoRoute>false</autoRoute>
<boxInbox>true</boxInbox>
<showLegend>false</showLegend>
<showLabels>false</showLabels>
<showRelAttributes>false</showRelAttributes>
<gridEnabled>false</gridEnabled>
<showGrid>false</showGrid>
<diagramColor>-1</diagramColor>
<display>false</display>
<notation>1</notation>
<objectViews>
<OView class="oracle.dbtools.crest.swingui.logical.TVEntity" oid="004F6EAC-9403-37D5-CFF5-E99D40220E60" otype="Entity" vid="36728CCA-ABA9-8F85-67EF-694E549EAF6E">
<hideElementsInCurrentOnly>false</hideElementsInCurrentOnly>
<bounds x="643" y="236" width="170" height="111"/>
</OView>
<OView class="oracle.dbtools.crest.swingui.logical.TVEntity" oid="3968844E-8AD1-FDB9-F992-9C53973DDF5B" otype="Entity" vid="5BA0E4E5-50A7-83EC-2D57-86C380802BB0">
<hideElementsInCurrentOnly>false</hideElementsInCurrentOnly>
<bounds x="37" y="237" width="170" height="79"/>
</OView>
<OView class="oracle.dbtools.crest.swingui.logical.TVEntity" oid="398736A1-D0AA-9F49-A668-053F67F3E7DA" otype="Entity" vid="F2D270EB-5AFD-1119-903E-72335784976F">
<hideElementsInCurrentOnly>false</hideElementsInCurrentOnly>
<bounds x="446" y="237" width="170" height="111"/>
</OView>
<OView class="oracle.dbtools.crest.swingui.logical.TVEntity" oid="3BD3165D-1CE4-03DA-0F46-6DC639459307" otype="Entity" vid="4F3AC914-9BB2-9DBC-20D4-FC0691509A22">
<hideElementsInCurrentOnly>false</hideElementsInCurrentOnly>
<bounds x="241" y="237" width="170" height="79"/>
</OView>
<OView class="oracle.dbtools.crest.swingui.logical.TVEntity" oid="B8EECA90-95AF-4A7C-E37B-CA8EA11F5116" otype="Entity" vid="6DB1DDCB-2296-ED4B-AF91-713318B40C23">
<hideElementsInCurrentOnly>false</hideElementsInCurrentOnly>
<bounds x="310" y="15" width="170" height="127"/>
</OView>
</objectViews>
<connectors>
<Connector class="oracle.dbtools.crest.swingui.logical.TVRelation" oid="1AB487CF-8F67-999F-7FD2-510BDD188720" otype="Relation" vid_source="6DB1DDCB-2296-ED4B-AF91-713318B40C23" vid_target="5BA0E4E5-50A7-83EC-2D57-86C380802BB0">
<hideElementsInCurrentOnly>false</hideElementsInCurrentOnly>
<backgroundColor>-16777216</backgroundColor>
<lineWidth>1</lineWidth>
<points>
<point x="310" y="77"/>
<point x="125" y="237"/>
</points>
</Connector>
<Connector class="oracle.dbtools.crest.swingui.logical.TVRelation" oid="53FCC915-BA09-2831-E3BD-A4ABF70F16BB" otype="Relation" vid_source="6DB1DDCB-2296-ED4B-AF91-713318B40C23" vid_target="4F3AC914-9BB2-9DBC-20D4-FC0691509A22">
<hideElementsInCurrentOnly>false</hideElementsInCurrentOnly>
<backgroundColor>-16777216</backgroundColor>
<lineWidth>1</lineWidth>
<points>
<point x="360" y="142"/>
<point x="326" y="237"/>
</points>
</Connector>
<Connector class="oracle.dbtools.crest.swingui.logical.TVRelation" oid="6625E8F1-0DC0-EAFB-4FC6-A8F66FF881CE" otype="Relation" vid_source="6DB1DDCB-2296-ED4B-AF91-713318B40C23" vid_target="36728CCA-ABA9-8F85-67EF-694E549EAF6E">
<hideElementsInCurrentOnly>false</hideElementsInCurrentOnly>
<backgroundColor>-16777216</backgroundColor>
<lineWidth>1</lineWidth>
<points>
<point x="480" y="80"/>
<point x="726" y="236"/>
</points>
</Connector>
<Connector class="oracle.dbtools.crest.swingui.logical.TVRelation" oid="9C992C24-42A5-E5CD-4F47-19C05E82AFB7" otype="Relation" vid_source="6DB1DDCB-2296-ED4B-AF91-713318B40C23" vid_target="F2D270EB-5AFD-1119-903E-72335784976F">
<hideElementsInCurrentOnly>false</hideElementsInCurrentOnly>
<backgroundColor>-16777216</backgroundColor>
<lineWidth>1</lineWidth>
<points>
<point x="463" y="142"/>
<point x="521" y="237"/>
</points>
</Connector>
</connectors>
</Diagram>