<?xml version = '1.0' encoding = 'UTF-8'?>
<Entity class="oracle.dbtools.crest.model.design.logical.Entity" directorySegmentName="seg_0" id="004F6EAC-9403-37D5-CFF5-E99D40220E60" name="T_HKT_ATIVIDADES_FISICAS">
<createdBy>Thiago Souza</createdBy>
<createdTime>2018-05-29 02:09:28 UTC</createdTime>
<ownerDesignName>Health Track</ownerDesignName>
<engineerTo>
<item key="7647919E-C791-7A65-EBF4-389325609570" value="true"/>
</engineerTo>
<adequatelyNormalized>NO</adequatelyNormalized>
<expectedVolumes>0</expectedVolumes>
<fwdEngineeringStrategyName>Single Table</fwdEngineeringStrategyName>
<growthPercent>0</growthPercent>
<growthType>Year</growthType>
<maxVolumes>9999999</maxVolumes>
<minVolumes>0</minVolumes>
<normalForm>Third</normalForm>
<attributes itemClass="oracle.dbtools.crest.model.design.logical.Attribute">
<Attribute name="Id_exercicio" id="0B68AAB6-FD31-1AEF-D82B-8E8574F591C2">
<createdBy>Thiago Souza</createdBy>
<createdTime>2018-05-29 02:09:28 UTC</createdTime>
<ownerDesignName>Health Track</ownerDesignName>
<engineerTo>
<item key="7647919E-C791-7A65-EBF4-389325609570" value="true"/>
</engineerTo>
<use>0</use>
<ownDataTypeParameters>,,</ownDataTypeParameters>
</Attribute>
<Attribute name="Dt_exercicio" id="A5210B6B-D975-C0F0-32A0-37C7EF222051">
<createdBy>Thiago Souza</createdBy>
<createdTime>2018-05-29 02:09:28 UTC</createdTime>
<ownerDesignName>Health Track</ownerDesignName>
<engineerTo>
<item key="7647919E-C791-7A65-EBF4-389325609570" value="true"/>
</engineerTo>
<use>0</use>
<ownDataTypeParameters>,,</ownDataTypeParameters>
</Attribute>
<Attribute name="hora_exercicio" id="89B5F5EA-15B9-F18A-327B-1B6B7B376408">
<createdBy>Thiago Souza</createdBy>
<createdTime>2018-05-29 02:09:28 UTC</createdTime>
<ownerDesignName>Health Track</ownerDesignName>
<engineerTo>
<item key="7647919E-C791-7A65-EBF4-389325609570" value="true"/>
</engineerTo>
<use>0</use>
<ownDataTypeParameters>,,</ownDataTypeParameters>
</Attribute>
<Attribute name="Ds_tipo_exercicio" id="3BA1BA7F-3297-7CAC-F3A6-261537F26A62">
<createdBy>Thiago Souza</createdBy>
<createdTime>2018-05-29 02:09:28 UTC</createdTime>
<ownerDesignName>Health Track</ownerDesignName>
<engineerTo>
<item key="7647919E-C791-7A65-EBF4-389325609570" value="true"/>
</engineerTo>
<use>0</use>
<ownDataTypeParameters>,,</ownDataTypeParameters>
</Attribute>
<Attribute name="Ds_exercicio" id="7C9933F0-A79B-3B01-2EED-6271BB8FB90B">
<createdBy>Thiago Souza</createdBy>
<createdTime>2018-05-29 02:09:28 UTC</createdTime>
<ownerDesignName>Health Track</ownerDesignName>
<engineerTo>
<item key="7647919E-C791-7A65-EBF4-389325609570" value="true"/>
</engineerTo>
<use>0</use>
<ownDataTypeParameters>,,</ownDataTypeParameters>
</Attribute>
<Attribute name="Qt_calorias" id="A69564FD-8EB9-4C91-D79C-6721F66EA596">
<createdBy>Thiago Souza</createdBy>
<createdTime>2018-05-29 02:09:28 UTC</createdTime>
<ownerDesignName>Health Track</ownerDesignName>
<engineerTo>
<item key="7647919E-C791-7A65-EBF4-389325609570" value="true"/>
</engineerTo>
<use>0</use>
<ownDataTypeParameters>,,</ownDataTypeParameters>
</Attribute>
<Attribute name="Id_usuario" id="5B298931-60DD-B513-3C12-816A33787EDA">
<createdBy>Thiago Souza</createdBy>
<createdTime>2018-05-29 02:32:29 UTC</createdTime>
<generatorID>6625E8F1-0DC0-EAFB-4FC6-A8F66FF881CE</generatorID>
<ownerDesignName>Health Track</ownerDesignName>
<engineerTo>
<item key="7647919E-C791-7A65-EBF4-389325609570" value="true"/>
</engineerTo>
<referedAttribute>7FD81AF9-E785-8273-24F3-ACF0E502B972</referedAttribute>
<use>0</use>
<ownDataTypeParameters>,,</ownDataTypeParameters>
</Attribute>
</attributes>
<identifiers itemClass="oracle.dbtools.crest.model.design.logical.CandidateKey">
<identifier id="B87515FC-C70D-8167-4530-19753100FD98" name="T_ALIMENTACAO PK">
<createdBy>Thiago Souza</createdBy>
<createdTime>2018-05-29 02:09:28 UTC</createdTime>
<ownerDesignName>Health Track</ownerDesignName>
<engineerTo>
<item key="7647919E-C791-7A65-EBF4-389325609570" value="true"/>
</engineerTo>
<pk>true</pk>
<usedAttributes>
<attributeRef>0B68AAB6-FD31-1AEF-D82B-8E8574F591C2</attributeRef>
</usedAttributes>
</identifier>
</identifiers>
</Entity>