<?xml version = '1.0' encoding = 'UTF-8'?>
<Entity class="oracle.dbtools.crest.model.design.logical.Entity" directorySegmentName="seg_0" id="3BD3165D-1CE4-03DA-0F46-6DC639459307" name="T_HKT_PRESSAO">
<createdBy>Thiago Souza</createdBy>
<createdTime>2018-05-29 01:17:06 UTC</createdTime>
<ownerDesignName>Health Track</ownerDesignName>
<engineerTo>
<item key="7647919E-C791-7A65-EBF4-389325609570" value="true"/>
</engineerTo>
<adequatelyNormalized>NO</adequatelyNormalized>
<expectedVolumes>0</expectedVolumes>
<fwdEngineeringStrategyName>Single Table</fwdEngineeringStrategyName>
<growthPercent>0</growthPercent>
<growthType>Year</growthType>
<maxVolumes>9999999</maxVolumes>
<minVolumes>0</minVolumes>
<normalForm>Third</normalForm>
<attributes itemClass="oracle.dbtools.crest.model.design.logical.Attribute">
<Attribute name="Id_pressao" id="4F15DFB7-2EEC-1A1E-B3F8-1F19BF2AA162">
<createdBy>Thiago Souza</createdBy>
<createdTime>2018-05-29 01:17:39 UTC</createdTime>
<ownerDesignName>Health Track</ownerDesignName>
<engineerTo>
<item key="7647919E-C791-7A65-EBF4-389325609570" value="true"/>
</engineerTo>
<use>0</use>
<ownDataTypeParameters>,,</ownDataTypeParameters>
</Attribute>
<Attribute name="Dt_pressao" id="DD672FEB-6B78-74DF-4A41-BC46CCE457DD">
<createdBy>Thiago Souza</createdBy>
<createdTime>2018-05-29 01:54:51 UTC</createdTime>
<ownerDesignName>Health Track</ownerDesignName>
<engineerTo>
<item key="7647919E-C791-7A65-EBF4-389325609570" value="true"/>
</engineerTo>
<use>0</use>
<ownDataTypeParameters>,,</ownDataTypeParameters>
</Attribute>
<Attribute name="Vl_pressao_sistolica" id="686C6258-9AEA-D219-8A6C-8E20D741C2D3">
<createdBy>Thiago Souza</createdBy>
<createdTime>2018-05-29 01:55:01 UTC</createdTime>
<ownerDesignName>Health Track</ownerDesignName>
<engineerTo>
<item key="7647919E-C791-7A65-EBF4-389325609570" value="true"/>
</engineerTo>
<use>0</use>
<ownDataTypeParameters>,,</ownDataTypeParameters>
</Attribute>
<Attribute name="Vl_pressao_diastolica" id="072067FA-62BE-2C48-0508-5A34EB82479F">
<createdBy>Thiago Souza</createdBy>
<createdTime>2018-05-29 01:57:16 UTC</createdTime>
<ownerDesignName>Health Track</ownerDesignName>
<engineerTo>
<item key="7647919E-C791-7A65-EBF4-389325609570" value="true"/>
</engineerTo>
<use>0</use>
<ownDataTypeParameters>,,</ownDataTypeParameters>
</Attribute>
<Attribute name="Id_usuario" id="549ECC6C-FA69-F6EC-6E44-5088A72BC7D2">
<createdBy>Thiago Souza</createdBy>
<createdTime>2018-05-29 02:31:06 UTC</createdTime>
<generatorID>53FCC915-BA09-2831-E3BD-A4ABF70F16BB</generatorID>
<ownerDesignName>Health Track</ownerDesignName>
<engineerTo>
<item key="7647919E-C791-7A65-EBF4-389325609570" value="true"/>
</engineerTo>
<referedAttribute>7FD81AF9-E785-8273-24F3-ACF0E502B972</referedAttribute>
<use>0</use>
<ownDataTypeParameters>,,</ownDataTypeParameters>
</Attribute>
</attributes>
<identifiers itemClass="oracle.dbtools.crest.model.design.logical.CandidateKey">
<identifier id="EF49980F-3B09-134D-C668-3984F19315EC" name="T_PRESSAO PK">
<createdBy>Thiago Souza</createdBy>
<createdTime>2018-05-29 01:17:48 UTC</createdTime>
<ownerDesignName>Health Track</ownerDesignName>
<engineerTo>
<item key="7647919E-C791-7A65-EBF4-389325609570" value="true"/>
</engineerTo>
<pk>true</pk>
<usedAttributes>
<attributeRef>4F15DFB7-2EEC-1A1E-B3F8-1F19BF2AA162</attributeRef>
</usedAttributes>
</identifier>
</identifiers>
</Entity>